<?xml version="1.0" encoding="utf-8" ?>
		<bank><img><src>http://www.gallyapp.com/tf_themes/8cells_wp/wp-content/uploads/2010/12/4.png</src><link></link><title></title><caption></caption></img><img><src>http://www.gallyapp.com/tf_themes/8cells_wp/wp-content/uploads/2010/12/2.png</src><link></link><title></title><caption></caption></img><img><src>http://www.gallyapp.com/tf_themes/8cells_wp/wp-content/uploads/2010/12/1.png</src><link></link><title></title><caption></caption></img><img><src>http://www.gallyapp.com/tf_themes/8cells_wp/wp-content/uploads/2010/12/3.png</src><link></link><title></title><caption></caption></img><img><src>http://www.gallyapp.com/tf_themes/8cells_wp/wp-content/uploads/2010/10/5.png</src><link></link><title></title><caption></caption></img></bank>